<?xml version="1.0" encoding="UTF-8"?>
<project-private xmlns="http://www.netbeans.org/ns/project-private/1">
    <editor-bookmarks xmlns="http://www.netbeans.org/ns/editor-bookmarks/2" lastBookmarkId="0"/>
    <open-files xmlns="http://www.netbeans.org/ns/projectui-open-files/2">
        <group>
            <file>file:/C:/Documents%20and%20Settings/Milan/Dokumenty/škola/FBMI/3rocnik/17bieth/Programs/GraphClient/src/graphclient/GraphClient.java</file>
            <file>file:/C:/Documents%20and%20Settings/Milan/Dokumenty/škola/FBMI/3rocnik/17bieth/Programs/GraphClient/src/graphclient/Jframe_vizu.java</file>
            <file>file:/C:/Documents%20and%20Settings/Milan/Dokumenty/škola/FBMI/3rocnik/17bieth/Programs/GraphClient/src/graphclient/Visu_tester.java</file>
        </group>
    </open-files>
</project-private>
